symbol,sentiment_score,sentiment_label,confidence,news_count,source,sample_headlines,sector,company_names
LICHSGFIN.NSE,0.5477,positive,0.9,21,comprehensive_analysis,"['LIC Housing Finance all set to report Q4 results today; here is what investors can expect from the NBFC - Zee Business', ""Stocks to buy, sell: Axis Bank, Indus Towers, Suzlon Energy, LIC Housing Finance, L&T Finance, among analysts' top picks - Zee Business"", 'Stock market today: Manappuram Fin, LIC Housing Fin, RBL Bank among 11 stocks in F&O ban list on August 7 - Mint']",Other,"LICHSGFIN, lichsgfin, LICHSGFIN"
NESTLEIND.NSE,0.4821,positive,0.9,37,comprehensive_analysis,"['Maggi-maker Nestle India to announce Q4 results tomorrow: 4 key factors to watch - financialexpress.com', 'Nestle India quarterly results FY 2025-26 dates: Annual earnings schedule of Rs 2.10 lakh crore FMCG giant - ET Now', 'Nestle India, Axis Bank, Dabur India: How to trade these buzzing largecap stocks - Business Today']",FMCG,"Nestle India, Nestle"
JSWSTEEL.NSE,0.4491,positive,0.9,25,comprehensive_analysis,"['Divis Labs to JSW Steel - Jay Thakkar suggests three stocks to buy for short-term in F&O segment - Mint', 'Metal shares in demand; Tata Steel, JSW, JSPL, Welspun, SAIL rally up to 4% - Business Standard', 'Metal stocks: Tata Steel, SAIL, JSW Steel, JSPL, Jindal Stainless shares rally today; know the reason - ET Now']",Metals,"JSW Steel, Jindal Steel Works"
GLENMARK.NSE,0.4228,positive,0.9,22,comprehensive_analysis,"['Glenmark Pharma Share Price Today - Glenmark Pharma Stock Price Live NSE/BSE - CNBC TV18', 'Glenmark Pharma Share Price Today Up 3% - Equitymaster', 'Stocks To Watch: From TCS, Swiggy, Coforge to Glenmark Pharma- Here are 9 stocks to watch - financialexpress.com']",Pharmaceuticals,"GLENMARK, glenmark, GLENMARK"
ALKEM.NSE,0.406,positive,0.9,23,comprehensive_analysis,"['Alkem Laboratories rises 3% in trade; What is driving this pharma stock - Business Standard', 'Block deals today: Tata Technologies, ABFRL, Alkem Labs shares react - details - ET Now', 'Stocks to Watch, June 4: YES Bank, Tata Technologies, Alkem Labs, Vodafone Idea, Ola Electric, Techno Electric, Vedanta, and more - Upstox']",Pharmaceuticals,"ALKEM, alkem, ALKEM"
TATACHEM.NSE,0.3649,positive,0.9,20,comprehensive_analysis,"[""Rallis India shares zoom 16% to hit record high levels post Q2 earnings; what's next? - Business Today"", 'Tata Chemicals Q4 FY25 Results Preview: Tata group chemical maker likely to report Rs 117 crore profit-Heres what else investors can expect - Zee Business', 'Q4 Results 2025 Highlights: Tata Chemicals net loss narrows sharply to Rs 56 crore, firm announces Rs 11 dividend - Moneycontrol']",Other,"TATACHEM, tatachem, TATACHEM"
POLICYBZR.NSE,0.3446,positive,0.9,18,comprehensive_analysis,"['PB Fintech Ltd (POLICYBZR) Share Price - Business Today', ""PB Fintech shares jump 7%, still need 56% rally to hit Jan high; here's target price - Business Today"", ""PB Fintech's PAT may rise 155% YoY in Q4; here's what brokerages expect - Business Standard""]",Other,"POLICYBZR, policybzr, POLICYBZR"
MCDOWELL-N.NSE,0.3433,positive,0.9,13,comprehensive_analysis,"['Stock market today: Trade setup for Nifty 50 to India VIX, five stocks to buy or sell on Wednesday — June 5 - Mint', 'United Spirits Shares Downgraded To Sell By Dolat Capital, Cuts Target Price — Heres Why - NDTV Profit', 'United Spirits Ltd Share Price Today, MCDOWELL-N Share Price NSE, BSE - Business Today']",Other,"MCDOWELL N, mcdowell n, MCDOWELL N"
COALINDIA.NSE,0.3351,positive,0.9,37,comprehensive_analysis,"['Coal India share price: Is this a stock to buy ahead of Q4 results 2025? - Mint', 'Coal India Q4 results: Profit jumps 12% YoY, revenue slips 1%; declares dividend of ₹5.15 - Mint', 'Coal India Q4 Results: Net profit beats estimates, final dividend of ₹5.15/shr declared - CNBC TV18']",Energy,"Coal India, CIL"
AUROPHARMA.NSE,0.3306,positive,0.9,21,comprehensive_analysis,"['Aurobindo Pharma shares fall post Q4; Should you buy, sell or hold? - Moneycontrol', 'Top stocks to watch: Tata Motors, Infosys, Arisinfra, Hindalco, Timex Group, Auro Pharma, RITES - Business Today', 'Aurobindo Pharma arm gets USFDA nod for leukemia drug; share price jumps over 4.5% - Upstox']",Pharmaceuticals,"AUROPHARMA, auropharma, AUROPHARMA"
HONAUT.NSE,0.3225,positive,0.9,18,comprehensive_analysis,"['Force Motors, Hitachi Energy, Honeywell Automation, Voltas, RITES: Check top buzzing stocks of the day - Upstox', 'Honeywell Automation shares tank 8% after fall in Q2 net profit - Moneycontrol', ""Honeywell Automation India Limited's (NSE:HONAUT) top owners are public companies with 75% stake, while 14% is held by institutions - simplywall.st""]",Other,"HONAUT, honaut, HONAUT"
BALKRISIND.NSE,0.3104,positive,0.9,16,comprehensive_analysis,"['Balkrishna Industries (NSE:BALKRISIND) shareholders have earned a 17% CAGR over the last five years - simplywall.st', ""Earnings Release: Here's Why Analysts Cut Their Balkrishna Industries Limited (NSE:BALKRISIND) Price Target To ₹2,628 - simplywall.st"", ""With 33% ownership, Balkrishna Industries Limited (NSE:BALKRISIND) insiders have a lot riding on the company's future - simplywall.st""]",Automotive,"BALKRISIND, balkrisind, BALKRISIND"
SUNPHARMA.NSE,0.2888,positive,0.9,23,comprehensive_analysis,"['Sun Pharma Q4FY25 results preview: Specialty push and domestic growth to lift earnings - Moneycontrol', ""Analysts offer mixed views on Sun Pharma's near term growth; revise target - Business Standard"", 'Sun Pharmaceutical Industries Ltd Quarterly Results, NSE 1,677.50, BSE 1,680.00 - Business Standard']",Pharmaceuticals,"Sun Pharmaceutical, Sun Pharma, Dilip Shanghvi"
CUMMINSIND.NSE,0.2869,positive,0.9,21,comprehensive_analysis,"['IRCTC, Cummins India, SAIL: How to trade these 3 buzzing stocks ahead of results - Business Today', 'Q4 results: IRCTC, Cummins India, 3M India, Bata India, others to declare earnings on May 28; check list - Upstox', 'Cummins India quarterly profit falls as rising costs offset price hikes - TradingView']",Automotive,"CUMMINSIND, cumminsind, CUMMINSIND"
SBIN.NSE,0.282,positive,0.9,43,comprehensive_analysis,"['Why State Bank of India (SBI) Share Price is Falling - Equitymaster', 'NSE Becomes One Of LIC’s Five Largest Equity Bets - BW Businessworld', 'LIC’s stake in NSE emerges as fifth most valuable holding for insurance behemoth - Moneycontrol']",Banking,"State Bank of India, SBI"
MARUTI.NSE,0.2767,positive,0.9,37,comprehensive_analysis,"['Q3 Results Today: Bajaj Finance, Maruti Suzuki, Tata Motors, Raymond Among 90+ Companies To Declare Earnings - NDTV Profit', '9 Stocks To Buy For Short Term: Analysts suggest buying 6 largecap, 2 midcap, 1 smallcap scrips for 2 weeks; Maruti Suzuki, SBI on the list - Zee Business', 'Maruti Suzuki stock hits 12-week high; rallies nearly 4% on healthy outlook - Business Standard']",Automotive,"Maruti Suzuki, Maruti, Suzuki India"
HINDUNILVR.NSE,0.2653,positive,0.9,23,comprehensive_analysis,"['HUL, Kaveri Seeds among 5 stock picks this monsoon; check upside potential - Business Standard', 'HUL price target unchanged: Nuvama flags 3 major concerns for the stock - financialexpress.com', 'Hindustan Unilever stock declines nearly 4%, after net profit drops 2.76% at ₹2540 crore - Upstox']",FMCG,"Hindustan Unilever, HUL, Unilever"
TECHM.NSE,0.262,positive,0.9,26,comprehensive_analysis,"['Buy Tech Mahindra, AB Capital & Finolex Industries shares, said Axis Securities - Business Today', ""Tech Mahindra shares rise by 2.1% in today's session - Moneycontrol"", 'Tech Mahindra Share Price Highlights: Tech Mahindra Stock Price History - The Economic Times']",Technology,"Tech Mahindra, Mahindra Tech"
SHREECEM.NSE,0.2459,positive,0.9,23,comprehensive_analysis,"['Buy Shree Cement; target of Rs 35,330: ICICI Securities - Moneycontrol', 'Shree Cement Q4 FY25: Profit Falls 16% to ₹556 crore Despite Revenue Rising 3.3% to ₹5,240 crore - Groww', 'Shree Cement Q4 Results: Profit, revenue above estimates; ₹60 dividend declared - CNBC TV18']",Cement,"Shree Cement, Shree"
LTIM.NSE,0.2419,positive,0.9,21,comprehensive_analysis,"['LTIMindtree: 5 key highlights from Investor Day; share price targets - Business Today', 'Stock Market Highlights: Market gains for seventh consecutive session, Nifty hits four-month high - CNBC TV18', 'Solid Earnings May Not Tell The Whole Story For LTIMindtree (NSE:LTIM) - simplywall.st']",Technology,"LTIM, ltim, LTIM"
ASIANPAINT.NSE,0.2269,positive,0.9,23,comprehensive_analysis,"[""Asian Paints shares sink as CCI orders probe into anti-competitive behavior, CLSA maintains 'underperform' - Moneycontrol"", 'Asian Paints shares slide 2% after CCI orders probe over alleged abuse of dominant position - The Economic Times', 'From Asian Paints, Reliance Industries, TCS to Biocon – Here are 8 stocks to watch - financialexpress.com']",Paints,"Asian Paints, Asian Paint"
BRITANNIA.NSE,0.219,positive,0.9,23,comprehensive_analysis,"['Individual investors own 27% of Britannia Industries Limited (NSE:BRITANNIA) shares but public companies control 51% of the company - simplywall.st', ""Britannia Industries shares rise 2.04% in today's trading session - Moneycontrol"", 'Britannia Industries Share Price Today Highlights, 25 Mar, 2025: Britannia Industries on the radar - Market News - financialexpress.com']",FMCG,"Britannia Industries, Britannia"
TORNTPHARM.NSE,0.2147,positive,0.9,18,comprehensive_analysis,"['Market Trading Guide: Torrent Pharma, Alkem Labs are among 5 stock recommendations for Thursday - The Economic Times', 'Stocks to watch on October 30: IOC, BPCL, Torrent Pharma, L&T, Tata Power, Dabur, Marico, Voltas and more - Upstox', 'Torrent Pharma block deal: 3.1% equity changes hands, says report; stock down over 2% - Upstox']",Pharmaceuticals,"TORNTPHARM, torntpharm, TORNTPHARM"
PAGEIND.NSE,0.2059,positive,0.9,20,comprehensive_analysis,"['Stocks to Watch, May 15: Page Industries, Eicher Motors, Apollo Tyres, PN Gadgil, Cochin Shipyard, ITC Hotels, PB Fintech, Godfrey Phillips India - Upstox', 'Page Industries dividend, Q3 results FY 2025 date: Fresh announcement after Rs 250 reward in Q2 by Jockey maker - ET Now', 'Page Industries Declares Interim Dividend Following Q3 Earnings - NDTV Profit']",Other,"PAGEIND, pageind, PAGEIND"
TCS.NSE,0.2011,positive,0.9,25,comprehensive_analysis,"['TCS shares down 2%, hits 8-month low; stock down 8% thus far in February - Business Standard', 'Tata Consultancy Services Ltd. Sees Surge in Call Options with 20,132 Contracts Traded - MarketsMojo', ""TCS, Tata Motors, Tata Tech: 3 Tata Group stocks in focus today, here's why - Business Today""]",Technology,"Tata Consultancy Services, TCS, Tata Consultancy"
NTPC.NSE,0.1995,positive,0.9,23,comprehensive_analysis,"['NTPC Green Energy Share Price Highlights: Stock ends at ₹121.25 apiece on NSE, 12.27% premium to IPO price - Mint', 'NTPC Green Energy shares list at 3.24% premium over IPO price on NSE - Moneycontrol', 'NTPC Green Energy Q4 Results: Net Profit soars 188% to ₹233.21 crore, revenue up 22.4% - Mint']",Energy,"NTPC Limited, NTPC"
ABCAPITAL.NSE,0.1935,positive,0.9,18,comprehensive_analysis,"['Q2 results today: L&T, Tata Power, Dabur, AB Capital, P&G, Protean eGov, TTK Prestige & more to report earnings - Mint', 'Buy Tech Mahindra, AB Capital & Finolex Industries shares, said Axis Securities - Business Today', 'Aditya Birla Capital stock jumps 6% on solid Q4 numbers; check details here - Business Standard']",Other,"ABCAPITAL, abcapital, ABCAPITAL"
KOTAKBANK.NSE,0.1901,positive,0.9,30,comprehensive_analysis,"['M & M and Kotak Mahindra Bank Experience Revision in Stock Evaluations Amid Market Shifts - MarketsMojo', 'Shares to buy or sell: Sachin Gupta of 5paisa recommends Kotak Bank, IndiGo shares today - 10 June 2025 - Mint', 'Kotak Mahindra Bank Share Price Target 2025 To 2030 - Exla Resources']",Banking,"Kotak Mahindra Bank, Kotak Bank, Kotak"
ADANIENT.NSE,0.1696,positive,0.9,26,comprehensive_analysis,"['Adani Enterprises shares in focus after Adani Defence acquires 85% stake in MRO firm Air Works - The Economic Times', 'Adani Enterprises Share Price Target: 2025 To 2040 - Exla Resources', 'Adani Enterprises, Adani Green Energy, And Adani Ports & SEZ Share Price Soar Up To 5% — Key Reasons Inside - Samco']",Other,"Adani Enterprises, Adani Group"
AXISBANK.NSE,0.1638,positive,0.9,31,comprehensive_analysis,"['Axis Bank to announce Q4 results on April 24: Here are 4 key factors to watch - financialexpress.com', 'Axis Bank Share Price Today Up 4% - Equitymaster', 'Axis Bank to review Q1 financial results at July 17 board meeting - Investing.com India']",Banking,"Axis Bank, Axis"
UPL.NSE,0.1595,positive,0.9,19,comprehensive_analysis,"['UPL Ltd. Achieves 52-Week High Amidst Strong Agrochemical Sector Performance - MarketsMojo', ""UPL shares dip 5% despite strong Q4 results: Here's what the brokerages say - Business Standard"", 'UPL share price declines 5% after Q4 Results, Dividend declaration: Should you Buy, Sell or Hold the stock? - Mint']",Chemicals,"UPL Limited, United Phosphorus"
POWERGRID.NSE,0.1575,positive,0.9,24,comprehensive_analysis,"['Power Grid Corporation Faces Diverging Technical Trends Amid Market Challenges - MarketsMojo', ""Power Grid shares sink on Q4 show, Morgan Stanley maintains 'equal-weight' - Moneycontrol"", 'Power Grid shares dip after Q4 profit miss; Morgan Stanley not bullish - buy, sell or hold? - Zee Business']",Energy,"Power Grid Corporation, PowerGrid, PGCIL"
WIPRO.NSE,0.1535,positive,0.9,24,comprehensive_analysis,"[""Should Weakness in Wipro Limited's (NSE:WIPRO) Stock Be Seen As A Sign That Market Will Correct The Share Price Given Decent Financials? - simplywall.st"", 'Wipro Announces Results for the Quarter and Year Ended March 31, 2025 - Business Wire', 'Wipro Q4 Results Highlights: Wipro guides for revenue de-growth in Q1FY26 amid tariff moves and uncertain dema - CNBC TV18']",Technology,"Wipro Limited, Wipro, Azim Premji"
BAJAJ-AUTO.NSE,0.1478,positive,0.9,22,comprehensive_analysis,"['Bajaj Auto Share Price Highlights: Bajaj Auto Stock Price History - The Economic Times', 'Four reasons Bajaj Auto shares are in focus today - financialexpress.com', 'Bajaj Auto, Tata Motors, Hero MotoCorp Lead Auto Stock Gains as China Signals Softer Rare Earth Policy - outlookbusiness.com']",Automotive,"Bajaj Auto, Bajaj"
GRASIM.NSE,0.1477,positive,0.9,22,comprehensive_analysis,"['Grasim Industries Q4 Results: Date, Dividend Details, Earnings Call Schedule And More - NDTV Profit', 'Grasim Industries gets Overweight rating from Morgan Stanley; check target price - ET Now', 'Asian Paints Shares Lose Sheen After Competition Commission Probes Grasim Complaint - NDTV Profit']",Other,"Grasim Industries, Grasim"
FEDERALBNK.NSE,0.1365,positive,0.9,19,comprehensive_analysis,"['Federal Bank Q4 earnings: Net profit rises to Rs 1,030 crore, board declares dividend - Business Today', 'Accumulate Federal Bank; target of Rs 199: Geojit Financial Services - TradingView', 'Spandana Sphoorty, Syrma SGS, Gillette India, Jio Financial Services, Federal Bank: Check top buzzing stocks of the day - Upstox']",Banking,"FEDERALBNK, federalbnk, FEDERALBNK"
MOTHERSON.NSE,0.1154,positive,0.9,21,comprehensive_analysis,"['Motherson Sumi Share Price Target By 2025 To 2050 - Exla Resources', 'Samvardhana Motherson Share Price & Sona BLW Share Price Impacted By Tarrifs - Samco', 'Buy Samvardhana Motherson International, target price Rs 170: JM Financial - The Economic Times']",Automotive,"MOTHERSON, motherson, MOTHERSON"
ONGC.NSE,0.1133,positive,0.9,21,comprehensive_analysis,"['Q4 Results Highlights: Oil India profit rises 30% QoQ; IndusInd Bank slips into loss - CNBC TV18', 'PSU Oil & Gas Stocks Rally on BSE: Oil India Surges 6.77%, HPCL, BPCL, IOC, and ONGC Follow Upward Trend - Goodreturns', 'Jefferies signals bullish outlook for ONGC; Sees 56% upside for stock - Business Standard']",Energy,"Oil and Natural Gas Corporation, ONGC"
VEDL.NSE,0.1036,positive,0.9,24,comprehensive_analysis,"['Q4 Results Highlights: Adani Power Q4 profit down, IOC, Vedanta Q4 profit rises, CRISIL profit up 16%, Ujjivan SFB profit slumps, Bajaj Finance, Bajaj Finserv, Trent slumps post Q4 results, Vishal Mega Mart jumps 10% - BusinessLine', ""Vedanta's shares dip 7% after large block deal; promoter likely seller - Business Standard"", ""Investors Shouldn't Be Too Comfortable With Vedanta's (NSE:VEDL) Earnings - simplywall.st""]",Metals,"VEDL, vedl, VEDL"
ABFRL.NSE,0.1028,positive,0.9,23,comprehensive_analysis,"['Aditya Birla Fashion Retail Q1 Results | Net loss widens to ₹161 crore despite revenue jump - CNBC TV18', 'ABFRL Q1 results: Net loss rises to Rs 214.92 cr, revenue at Rs 3,427.82 cr - Business Standard', 'Aditya Birla Fashion slips 9%, hits 52-week low after block deal on NSE - Business Standard']",Other,"ABFRL, abfrl, ABFRL"
ULTRACEMCO.NSE,0.1018,positive,0.9,24,comprehensive_analysis,"['Buy UltraTech Cement, target price Rs 13,500: JM Financial - The Economic Times', 'UltraTech Cement Shares Experience Slight Dip Amid High Trading Volume - Moneycontrol', 'UltraTech Cement, India Cements, JK Cement Q1 Results Schedule Announced — Check Key Details - NDTV Profit']",Cement,"UltraTech Cement, Ultratech, Aditya Birla"
ITC.NSE,0.0969,neutral,0.9,36,comprehensive_analysis,"['ITC Hotels shares debut at ₹188; down 30% over last discovered price - Fortune India', 'ITC Hotels Share Price Highlights: ITC Hotels share price ends at 5% lower circuit at ₹178.60 apiece on listing day - Mint', 'Why ITC Share Price is Falling - Equitymaster']",FMCG,"ITC Limited, Indian Tobacco Company, ITC"
HDFCBANK.NSE,0.0912,neutral,0.9,35,comprehensive_analysis,"['HDB Financial Services Share Price Highlights: Stock ends above ₹860 level, HDFC Bank sells 13.51 cr shares - BusinessLine', 'Stock Market Highlights: Nifty, Sensex Off Days Low But End Down; HDFC Bank Drags - NDTV Profit', 'HDB Financial Services Share Price Live: HDB Financial Services shares list with 13% premium over IPO pri... - The Economic Times']",Banking,"HDFC Bank, Housing Development Finance Corporation, HDFC"
SAIL.NSE,0.0911,neutral,0.9,24,comprehensive_analysis,"['IRCTC, Cummins India, SAIL: How to trade these 3 buzzing stocks ahead of results - Business Today', 'SAIL Q4 result: Net profit jumps 11% to ₹1,251 crore, dividend declared - Business Standard', 'Tata Steel vs JSW Steel vs SAIL As Metal Stocks Surge On Safeguard Duty Update, Which Stock Should You Buy - Goodreturns']",Metals,"SAIL, sail, SAIL"
BANDHANBNK.NSE,0.0905,neutral,0.9,14,comprehensive_analysis,"['Bandhan Bank Q4 results: Net interest income falls; asset quality stable - CNBC TV18', 'Bandhan Bank Third Quarter 2025 Earnings: Revenues Beat Expectations, EPS Lags - simplywall.st', 'Bandhan Bank (NSE:BANDHANBNK) Is Due To Pay A Dividend Of ₹1.50 - simplywall.st']",Banking,"BANDHANBNK, bandhanbnk, BANDHANBNK"
PNB.NSE,0.0872,neutral,0.9,23,comprehensive_analysis,"['PNB share price: PSU bank to declare Q4 results today. Should you buy? - Mint', 'PNB share price: Is this a stock to buy after Q4 results 2025? - Mint', 'PNB Q4 result: Net profit rises 50% to ₹4,642.9 crore, revenue up by 13% - Business Standard']",Banking,"PNB, pnb, PNB"
AUBANK.NSE,0.0865,neutral,0.9,18,comprehensive_analysis,"['Should you buy or sell AU Small Finance Bank shares post its Q4 results? - Business Standard', 'AU Small Finance Bank Ltd (NSE:AUBANK) Q4 2025 Earnings Call Highlights: Strong Deposit and ... - Yahoo Finance', 'AU Small Finance Bank share price jumps 6% after Q4 results. Should you buy or sell? - Mint']",Banking,"AUBANK, aubank, AUBANK"
MPHASIS.NSE,0.0852,neutral,0.9,23,comprehensive_analysis,"['Stock Picks: Sagar Doshi suggests Tata Motors, Mphasis, Hero MotoCorp shares to buy today - 11 June - Mint', 'Infosys, Mphasis, Birlasoft: Key support and resistance levels for these 3 IT stocks - Business Today', 'IT Sector Q1 Earnings Preview: PL cuts ratings on Infosys, Mphasis; TCS among top picks - Mint']",Technology,"MPHASIS, mphasis, MPHASIS"
INDUSINDBK.NSE,0.0793,neutral,0.9,32,comprehensive_analysis,"['IndusInd Bank Q4 Results: Net loss of ₹2,328 crore a first in 20 years as accounting issues, MFI stress weigh - CNBC TV18', 'IndusInd Bank share price falls ahead of Q4 results today. What to expect, should you buy or sell? - Mint', 'IndusInd Bank Q4 results: Record ₹2,329 cr loss posted on accounting lapses - Business Standard']",Banking,"IndusInd Bank, Indusind"
BANKBARODA.NSE,0.0681,neutral,0.9,19,comprehensive_analysis,"['Bank Of Baroda Q1 Results: Profit Rises 9.5% On Lower Provisions - NDTV Profit', 'Bank of Baroda sets board meeting date to declare Q4 results 2025, dividend - Mint', 'Bank of Baroda Q2 results on Friday, Oct 25; what are key expectations? - Business Standard']",Banking,"BANKBARODA, bankbaroda, BANKBARODA"
VOLTAS.NSE,0.0637,neutral,0.9,24,comprehensive_analysis,"['Voltas Q2 Results Live: Profit Rises by 265.29% YoY - Mint', 'Voltas tanks 30% so far in 2025: As brokerages turn cautious, find out what’s the big worry - financialexpress.com', 'Voltas Share Price Today - Voltas Stock Price Live NSE/BSE - CNBC TV18']",Other,"VOLTAS, voltas, VOLTAS"
DIXON.NSE,0.0597,neutral,0.9,23,comprehensive_analysis,"['Dixon Technologies shares stare at a 37% downside, price target revised - Business Today', 'Stock market today: Dixon Technologies, Mahanagar Gas among 10 stocks in F&O ban list on Jan 22 - Mint', ""JM Financial downgrades Dixon Technologies to 'Hold'. Here's why... - Market News - financialexpress.com""]",Other,"DIXON, dixon, DIXON"
IDFCFIRSTB.NSE,0.0513,neutral,0.9,18,comprehensive_analysis,"['Investors in IDFC First Bank (NSE:IDFCFIRSTB) have seen strong returns of 180% over the past five years - simplywall.st', 'Up 8% in 5 days, where are IDFC First Bank shares headed? - Business Today', 'Wipro, Bharat Forge, IDFC First Bank: How to trade these 3 buzzing stocks - Business Today']",Banking,"IDFCFIRSTB, idfcfirstb, IDFCFIRSTB"
DABUR.NSE,0.0488,neutral,0.9,23,comprehensive_analysis,"['Dabur India to invest in tools to empower general trade partners, protect their ROI - BusinessLine', 'Dabur Q4 Results: Slight miss on profit and revenue; declares final dividend - CNBC TV18', 'Q4 results today: Coal India, Dabur among 49 companies to announce earnings on Wednesday - The Economic Times']",FMCG,"DABUR, dabur, DABUR"
PIDILITIND.NSE,0.0487,neutral,0.9,22,comprehensive_analysis,"['Stocks to watch: Hindustan Unilever, Pidilite Industries, SBI and more shares in focus on Oct 24 - CNBC TV18', 'Pidilite Industries shares surge over 8% after strong Q3 results; check details - Upstox', 'Pidilite Industries Ltd (NSE:PIDILITIND) Q3 2025 Earnings Report Preview: What To Expect - Yahoo Finance']",Chemicals,"Pidilite Industries, Fevicol"
BAJFINANCE.NSE,0.0475,neutral,0.9,24,comprehensive_analysis,"['Bajaj Finance Share Price Highlights: Bajaj Finance Stock Price History - The Economic Times', 'Bajaj Finance Q4FY25 results: Net profit rises 19% to Rs 4,546 crore - Business Standard', 'Bajaj Finance Q4 Results Live: PAT rises 19% YoY to Rs 4,546 crore; Co announces 1:2 stock split, 4:1 bon... - The Economic Times']",Other,"Bajaj Finance, Bajaj Finserv"
HAVELLS.NSE,0.041,neutral,0.9,23,comprehensive_analysis,"['Havells India Q4: Cautious demand commentary sends stock 5% lower, brokerages mixed - Moneycontrol', 'Why did Havells India share price fall 5% despite healthy Q4 results? Key reasons explained - Mint', 'Havells shares slide 5% on demand concerns for summer products. Should you invest? - The Economic Times']",Capital Goods,"HAVELLS, havells, HAVELLS"
ASTRAL.NSE,0.0403,neutral,0.9,21,comprehensive_analysis,"['Astral Q4 Results: Profit Down But Beats Estimates - NDTV Profit', 'Astral Ltd Standalone March 2025 Net Sales at Rs 1,542.30 crore, up 3.64% Y-o-Y - Moneycontrol', 'Astral Q4 profit rises 4% to ₹1,900 crore, declares dividend - CNBC TV18']",Other,"ASTRAL, astral, ASTRAL"
ACC.NSE,0.037,neutral,0.9,25,comprehensive_analysis,"['Adani Green, Adani Energy, ACC, Ambuja, AWL: 5 Adani stocks get target revisions post Q4 results - Business Today', 'ACC down nearly 10% in 5 days: Should you buy, sell or hold? - Market News - financialexpress.com', 'ACC Share Price Today - ACC Stock Price Live NSE/BSE - CNBC TV18']",Cement,"ACC, acc, ACC"
NMDC.NSE,0.0336,neutral,0.9,23,comprehensive_analysis,"['NMDC Q4 Results: Profit Falls 22%; Dividend Declared - NDTV Profit', ""NMDC Limited's (NSE:NMDC) largest shareholders are state or government with 61% ownership, individual investors own 20% - simplywall.st"", 'This PSU metal stock faces sharp downside risk - Citi issues Sell alert - Zee Business']",Metals,"NMDC, nmdc, NMDC"
PVR.NSE,0.0244,neutral,0.9,24,comprehensive_analysis,"['Stock market today: PVR Inox, Varun Beverages, Godrej Consumer hit 52-week low; here’s why - Upstox', 'Explained: Why analysts are bullish on PVR Inox despite falling share price - India Today', 'Nuvama sees 96% upside in PVR Inox - financialexpress.com']",Other,"PVR, pvr, PVR"
HCLTECH.NSE,0.0196,neutral,0.9,25,comprehensive_analysis,"['Nifty IT index rallies 3% post HCLTech Q4 earnings. Should you buy IT stks? - Business Standard', 'HCL Tech shares jump over 7% post Q4 earnings - The Hindu', 'HCL Tech share price jumps 7% after Q4 results. Should you buy, sell or hold? - Mint']",Technology,"HCL Technologies, HCL Tech, HCL"
OBEROIRLTY.NSE,0.0195,neutral,0.9,19,comprehensive_analysis,"['Oberoi Realty Share Price Today Tumbles Nearly 7% Even As JPMorgan Hikes Target Price To Rs 2,350 - NDTV Profit', 'If EPS Growth Is Important To You, Oberoi Realty (NSE:OBEROIRLTY) Presents An Opportunity - simplywall.st', ""Oberoi Realty shares rise by 2.01% in today's session - TradingView""]",Real Estate,"OBEROIRLTY, oberoirlty, OBEROIRLTY"
IPCALAB.NSE,0.0189,neutral,0.9,22,comprehensive_analysis,"['Stocks to buy or sell: Sagar Doshi of Nuvama recommends Coromandel, Eicher Motors, Ipca Lab tomorrow - Mint', 'Q3 results: Hindalco, United Breweries, Ipca, Godfrey Phillips India, SVJN, among companies to post earnings on Feb 13; check list - Upstox', 'Ipca Labs Shares Hit Life High As Nomura Hikes Target Price - NDTV Profit']",Pharmaceuticals,"IPCALAB, ipcalab, IPCALAB"
BATAINDIA.NSE,0.0137,neutral,0.9,18,comprehensive_analysis,"['Q4 Results Highlights: Bata India consolidated net profit declines 28%, board recommends dividend of ₹9 per share for FY25 - Upstox', 'Bata India Q4 result: Net profit falls 28% to ₹45.9 cr; dividend declared - Business Standard', 'Bata India Q4 results: Consolidated profit falls 28% YoY, board recommends dividend of ₹9 for FY25 - Upstox']",Other,"BATAINDIA, bataindia, BATAINDIA"
TITAN.NSE,0.0024,neutral,0.9,27,comprehensive_analysis,"[""Titan rises 4% as Macquarie maintains 'Outperform'; top gainer on BSE, NSE - Business Standard"", ""This Jhunjhunwala stock hits 52-week low but brokerages are bullish, here's why - Business Today"", 'Titan shares fall over 3% after Q2 earnings disappoint; Should you Buy, Sell, or Hold? - financialexpress.com']",Other,"Titan Company, Titan, Tanishq"
INOXLEISUR.NSE,-0.0011,neutral,0.3,0,sector_analysis_Other,[],Other,"INOXLEISUR, inoxleisur, INOXLEISUR"
NYKAA.NSE,-0.0021,neutral,0.9,24,comprehensive_analysis,"[""FSN E-Commerce Ventures Limited's (NSE:NYKAA) Shares May Have Run Too Fast Too Soon - simplywall.st"", 'Nykaa Q2 Results: Net profit soars over 70% and margins improve - CNBC TV18', 'Nykaa Q4 Results 2025 On May 30 — Check Key Details Here - NDTV Profit']",Other,"NYKAA, nykaa, NYKAA"
DMART.NSE,-0.0051,neutral,0.9,24,comprehensive_analysis,"['Why did Avenue Supermarts, operator of DMart, shares jumped 4% today? - Business Standard', 'DMart share price cracks 6% amid reports of ₹634-crore block deal in Radhakishan Damani-led stock - Mint', 'D-Mart parent Avenue Supermarts shares see sharp fall after ₹634 crore block deal - CNBC TV18']",Retail,"Avenue Supermarts, DMart, D-Mart"
ZOMATO.NSE,-0.0107,neutral,0.9,24,comprehensive_analysis,"['Nifty rejig, Zomato & Jio Financial Share Price Highlights: Zomato & Mukesh Ambani-backed Jio Financial shares end in green, up 1% - BusinessLine', ""NSE rejig tomorrow: Zomato, Jio Fin's Nifty inclusion to add $910 million - Business Standard"", 'Eternal shares gain 1%, snap two-day losing streak after 61 lakh shares exchange hands in Rs 156-crore... - Moneycontrol']",Other,"ZOMATO, zomato, ZOMATO"
PAYTM.NSE,-0.0146,neutral,0.9,23,comprehensive_analysis,"[""Here's why Paytm share price slipped 5% in trade on May 13; details here - Business Standard"", 'Paytm shares hit Rs 700 level, jump 5% amid high turnover today - Business Today', 'Paytm Q4 FY25 results: Net loss narrows to ₹540 crore from ₹550 crore - Business Standard']",Other,"PAYTM, paytm, PAYTM"
TATAMOTORS.NSE,-0.0306,neutral,0.9,28,comprehensive_analysis,"['Stock recommendation today: Sell Tata Motors shares amid fresh breakdown - Business Standard', 'Tata Motors Consolidated Q4 FY25 Results - Tata Motors', 'Tata Motors Q4 results: Net profit drops 51% to Rs 8,470 crore, but beats estimates - Moneycontrol']",Automotive,"Tata Motors, Tata Motor, Jaguar Land Rover"
RELAXO.NSE,-0.0329,neutral,0.9,21,comprehensive_analysis,"['Breakdown Stocks: How to trade Asian Paints, Elgi Equipments & Relaxo Footwear on Thursday - The Economic Times', 'Relaxo Footwears Hits 52-Week Low Amidst High Market Volatility and Declining Performance - MarketsMojo', 'Add Relaxo Footwears, target price Rs 600: HDFC Securities - The Economic Times']",Other,"RELAXO, relaxo, RELAXO"
CANFINHOME.NSE,-0.0331,neutral,0.9,16,comprehensive_analysis,"[""Can Fin Homes zooms 8% after stellar Q2FY25 results, Jefferies says 'Buy' - Business Standard"", 'Can Fin Homes Q4 Results: Profit Beats Estimates - NDTV Profit', 'Q4 Results Highlights April 23, 2025: Tata Consumer profit rises 59%, Bajaj Housing & Maharashtra Scooters Q4 PAT zooms, HCL Tech, AU Small Finance surges - BusinessLine']",Other,"CANFINHOME, canfinhome, CANFINHOME"
MINDAIND.NSE,-0.0332,neutral,0.3,0,sector_analysis_Other,[],Other,"MINDAIND, mindaind, MINDAIND"
MINDTREE.NSE,-0.0367,neutral,0.9,22,comprehensive_analysis,"['Ahead of Q4 results, LTI Mindtree shares jump 5%, Bajaj Housing Finance in red, Tata Consumer sees choppy... - Moneycontrol', 'LTIMindtree Q4FY25 results: Net profit up 2.6% to ₹1,128.5 crore - Business Standard', 'LTIMindtree Q4 Results: Reports Modest Profit Growth of 2.6%, Declares ₹45 Final Dividend - Groww']",Technology,"MINDTREE, mindtree, MINDTREE"
INFY.NSE,-0.0378,neutral,0.9,24,comprehensive_analysis,"['Infosys Share Price Highlights Today, 27 Nov, 2024: Infosys shares closes up by just 0.15% on NSE - financialexpress.com', 'Nifty IT tanks 3%; Wipro, Infy slide up to 6% on Motilal Oswal downgrade - Business Standard', ""Infosys Limited's (NSE:INFY) Share Price Is Matching Sentiment Around Its Earnings - simplywall.st""]",Technology,"Infosys, Infosys Limited, Narayana Murthy"
GODREJPROP.NSE,-0.0425,neutral,0.9,19,comprehensive_analysis,"['Godrej Properties Q1 Results: Cons PAT skyrockets 316% YoY, revenues decline 21% - The Economic Times', 'Q2 Results Highlights: HUL projects stable demand; Pidilite net profit jumps 17.8% to Rs 540.3 cr - Moneycontrol', 'Stocks to buy or sell: Sagar Doshi of Nuvama suggests United Spirits, Godrej Prop, Chalet Hotels today - 18 December - Mint']",Real Estate,"GODREJPROP, godrejprop, GODREJPROP"
STAR.NSE,-0.0551,neutral,0.9,25,comprehensive_analysis,"['Five Star Business Finance Q2 Results Live: Profit Rise by 34.38% YOY - Mint', ""Stock market fall: Star Health, Orchid Pharma, Gensol Engineering hit 52-week low; here's why - Upstox"", 'Blue Star, First Source Solutions among 10 latest F&O additions; key details - Business Today']",Other,"STAR, star, STAR"
SRF.NSE,-0.0701,neutral,0.9,22,comprehensive_analysis,"[""SRF Q3 Results: Management expects year to end on 'reasonably strong footing'; declares dividend - CNBC TV18"", 'SRF shares 0.11% as Sensex - The Economic Times', ""If You'd Invested Rs 10,000 in SRF 10 Years Ago, Here's How Much You'd Have Today - Equitymaster""]",Chemicals,"SRF, srf, SRF"
COLPAL.NSE,-0.0763,neutral,0.9,21,comprehensive_analysis,"['Colgate-Palmolive (India) Q4 Results: Profit down 6% at Rs 355 crore - The Economic Times', 'Colgate-Palmolive India Q4 Results: Profit Falls Over 6% But Meets Estimates - NDTV Profit', 'Colgate Palmolive India Q4 Results: Revenue Declines, EBITDA Falls 9% QoQ; Rs 26 Dividend Announced - Goodreturns']",FMCG,"COLPAL, colpal, COLPAL"
SIEMENS.NSE,-0.0793,neutral,0.9,21,comprehensive_analysis,"['Siemens Energy India Ltd. Share Price Live Today - CNBC TV18', 'Siemens Q1 Results: Profit rises over 20% on-year, revenue and EBITDA decline - CNBC TV18', 'Siemens Q4 Results: Net profit zooms 45% to Rs 775 crore - The Economic Times']",Capital Goods,"SIEMENS, siemens, SIEMENS"
GODREJCP.NSE,-0.0904,neutral,0.9,24,comprehensive_analysis,"['HDFC Life, Godrej Consumer Among Top Stock Picks For HSBC India Strategy Amid Favourable Market Conditions - NDTV Profit', 'Godrej Consumer, Emami, Nestle: FMCG stocks rally in weak market; two reasons why the sector is bucking broader trend - Upstox', 'Godrej Consumer Q4 profit up, shares fall 3%: 3 reasons why - financialexpress.com']",FMCG,"Godrej Consumer Products, Godrej"
BOSCHLTD.NSE,-0.1013,negative,0.9,18,comprehensive_analysis,"['BSE 500 Sees Mixed Momentum as Market Consolidates on Global Cues - Value Research', 'Bosch Share Price Today - Bosch Stock Price Live NSE/BSE - CNBC TV18', 'Bosch Q3 Results | Net profit dips 12%, revenue up 6%; approves ₹595-crore asset sale - CNBC TV18']",Capital Goods,"BOSCHLTD, boschltd, BOSCHLTD"
DRREDDY.NSE,-0.1081,negative,0.9,22,comprehensive_analysis,"['Dr Reddys Laboratories Ltd slips for fifth straight session - Business Standard', ""Dr. Reddy's Laboratories Full Year 2025 Earnings: In Line With Expectations - simplywall.st"", ""Dr Reddys Laboratories stock flat in today's session amid high volume trading - Moneycontrol""]",Pharmaceuticals,"Dr. Reddy's Laboratories, Dr Reddy, DRL"
ADANIPORTS.NSE,-0.1193,negative,0.9,25,comprehensive_analysis,"['Adani Ports Q4 Preview: Port volumes, revenue seen higher but slow progress at Gangavaram an overhang - Moneycontrol', 'Adani Ports shares drop 2%, extend losses for 6th session amid Israel-Iran conflict - Moneycontrol', 'Adani Ports bets big on doubling revenue by FY29. But execution is everything. | Stock Market News - Mint']",Other,"Adani Ports, Adani Ports and SEZ, Gautam Adani"
CROMPTON.NSE,-0.1221,negative,0.9,22,comprehensive_analysis,"['Crompton Greaves misses quarterly profit view on soft demand for electrical goods - ET Retail', 'PVR Inox, Crompton, IEX: 5 smallcap stks see Death Cross; can dip up to 13% - Business Standard', 'Five Stocks To Buy Today: Apollo Hospital, Voltas, Crompton, Among Others - NDTV Profit']",Other,"CROMPTON, crompton, CROMPTON"
ICICIBANK.NSE,-0.1309,negative,0.9,30,comprehensive_analysis,"['ICICI Bank Share Price Highlights: ICICI Bank Stock Price History - The Economic Times', 'If EPS Growth Is Important To You, ICICI Bank (NSE:ICICIBANK) Presents An Opportunity - simplywall.st', 'Dreamfolks Services Share Price Drops Nearly 5% After Programme Closures with ICICI and Axis Bank - Samco']",Banking,"ICICI Bank, ICICI"
EICHERMOT.NSE,-0.1417,negative,0.9,22,comprehensive_analysis,"[""If You'd Invested Rs 10,000 in Eicher Motors 10 Years Ago, Here's How Much You'd Have Today - Equitymaster"", 'Eicher Motors shares drop up to 3% amid buzz of zero tariff on Harley-Davidson bikes - Moneycontrol', 'Eicher Motors Q4 Results: Profit beats estimates with 27% jump to ₹1,362 crore, revenue rises 23% - Mint']",Automotive,"Eicher Motors, Royal Enfield"
BERGEPAINT.NSE,-0.1523,negative,0.9,17,comprehensive_analysis,"['Berger Paints India (NSE:BERGEPAINT) Is Aiming To Keep Up Its Impressive Returns - simplywall.st', 'Berger Paints Q4 FY25 Results: PAT grows better-than-expected 18%; 380% dividend declared - Zee Business', 'Q4 Results Highlights: Eicher Motors Q4 profit up 27% at ₹1,362 crore; board approves dividend of ₹70 - Upstox']",Paints,"BERGEPAINT, bergepaint, BERGEPAINT"
GAIL.NSE,-0.1524,negative,0.9,23,comprehensive_analysis,"['GAIL India Lists AAA Rated Debentures on NSE and BSE - Groww', 'Q4 Results 2025 Highlights: Bharti Airtel profit skyrockets multi-fold to Rs 11,021.80 crore; Tata Motors profit drops by 51.34% - financialexpress.com', 'GAIL (India) - Positive Breakout: These 5 stocks cross above their 200 DMAs - The Economic Times']",Energy,"GAIL, gail, GAIL"
VIPIND.NSE,-0.1595,negative,0.9,17,comprehensive_analysis,"['Share Market Highlights October 23, 2024: Sensex, Nifty end in red; Bajaj Finance gains nearly 5% - BusinessLine', 'V I P Industries reports consolidated net loss of Rs 27.36 crore in the March 2025 quarter - Business Standard', 'VIP INDUSTRIES Share Price Today Up 9% - Equitymaster']",Other,"VIPIND, vipind, VIPIND"
CADILAHC.NSE,-0.1638,negative,0.5919,8,comprehensive_analysis,"['Closing Bell: Nifty closes near 9,400, Sensex up 371 pts; IndusInd Bank jumps 17% - Moneycontrol', 'Closing Bell: Nifty ends June series below 10,300; ITC, Hero MotoCorp top gainers - Moneycontrol', 'Closing Bell: Market ends marginally higher amid volatility; metals outshine, realty, bank drag - Moneycontrol']",Pharmaceuticals,"CADILAHC, cadilahc, CADILAHC"
JINDALSTEL.NSE,-0.1651,negative,0.9,15,comprehensive_analysis,"['Jindal Steel Q4 results: ₹304 crore loss despite higher sales - Business Standard', 'Jindal Steel and Power Q1 result: Profit grows to ₹1,456.54 crore - Mint', 'Jindal Steel & Power Q2 Results: Profit Falls 38% But Beats Estimates - NDTV Profit']",Metals,"JINDALSTEL, jindalstel, JINDALSTEL"
LT.NSE,-0.1909,negative,0.5881,8,comprehensive_analysis,"['Larsen & Toubro Subsidiary Wins $50 million Order Under Sustainability Segment; Shares Surge - Goodreturns', 'Penny stock below Rs 75: Electrical works EPC company receives order of Rs 12,60,00,000 from Larsen and Toubro - DSIJ', 'Larsen & Toubro Maintains Stability Amid Competitive Construction Sector Dynamics - MarketsMojo']",Capital Goods,"Larsen & Toubro, L&T, Larsen Toubro"
BPCL.NSE,-0.197,negative,0.9,21,comprehensive_analysis,"['BPCL Shares Rise As Q4 Profit Beats Estimates On Strong Refining Margins - NDTV Profit', 'BPCL shares in focus after Q4 PAT falls 8% YoY to Rs 4,392 crore - The Economic Times', 'BPCL Q3 Results: Net profit rises sequentially but lower than estimates; dividend declared - CNBC TV18']",Energy,"Bharat Petroleum, BPCL"
HINDALCO.NSE,-0.2064,negative,0.9,23,comprehensive_analysis,"[""There's Been No Shortage Of Growth Recently For Hindalco Industries' (NSE:HINDALCO) Returns On Capital - simplywall.st"", 'Hindalco Shares Slip on Mixed Brokerage Calls; Rs 8,000 Cr FY26 Capex Planned, Novelis IPO in Pipeline - outlookbusiness.com', 'Hindalco share price: Should you buy, hold or sell post Q4 results, dividend announcement? - Mint']",Metals,"Hindalco Industries, Hindalco, Novelis"
LTTS.NSE,-0.2074,negative,0.9,23,comprehensive_analysis,"['Q2 Results 2024: Bajaj Auto, L&T Technology Services, Mphasis, CRISIL, Tips Music, others releasing Q2FY25 results today - financialexpress.com', 'Q2 Results Updates: Crisil Net Profit Rises 13%; Bajaj Auto Reports Record Quarterly Revenue - NDTV Profit', 'L&T Technology Services Q3FY25 results: Net profit drops 4% to Rs 322.4 cr - Business Standard']",Technology,"LTTS, ltts, LTTS"
LUPIN.NSE,-0.2302,negative,0.9,23,comprehensive_analysis,"['Is Lupin (NSE:LUPIN) Using Too Much Debt? - simplywall.st', 'Lupin Share Price Today - Lupin Stock Price Live NSE/BSE - CNBC TV18', 'Lupin Q4 Results 2025 Today: Analysts Expect Strong YoY Growth on Robust Sales, Most Brokerages Rate ‘Buy’ - Goodreturns']",Pharmaceuticals,"LUPIN, lupin, LUPIN"
BHARTIARTL.NSE,-0.2429,negative,0.9,23,comprehensive_analysis,"['Q4 Results Highlights: Max Financial tops estimates; Dalmia Bharat Sugar profit doubles - CNBC TV18', 'Risks To Shareholder Returns Are Elevated At These Prices For Bharti Airtel Limited (NSE:AIRTELPP) - simplywall.st', 'Bharti Airtel Q4 Results: Net profit surges multifold to ₹11,022 crore, revenue up 27.3% YoY; Dividend declared - Mint']",Telecom,"Bharti Airtel, Airtel, Sunil Mittal"
APOLLOHOSP.NSE,-0.2429,negative,0.9,23,comprehensive_analysis,"['Apollo Hospitals Enterprise (NSE:APOLLOHOSP) Has Announced A Dividend Of ₹10.00 - simplywall.st', 'Apollo Hospitals share price drops 7% despite strong Q3; here’s why - Fortune India', 'Apollo Hospitals shares plunge 7% amid heavy trading volumes - Moneycontrol']",Healthcare,"Apollo Hospitals, Apollo Health"
BIOCON.NSE,-0.253,negative,0.9,24,comprehensive_analysis,"['Q2 Results 2024 Updates: Biocon reports loss of Rs 16 cr; revenue at Rs 3,590.4 cr - Moneycontrol', 'Biocon Shares Gain 2% as Arm Launches Drug in Japan - Equitypandit', 'Biocon Ltd soars 3.52%, Gains for third straight session - Business Standard']",Pharmaceuticals,"BIOCON, biocon, BIOCON"
AMBER.NSE,-0.2539,negative,0.9,23,comprehensive_analysis,"['Amber International Holding Limited Reports First Quarter 2025 Unaudited Financial Results - PR Newswire', 'NSE to add Kfin,360 One, Amber, and PG Electro in F&O trading - The Economic Times', ""Is Amber Enterprises India Limited's (NSE:AMBER) Stock's Recent Performance A Reflection Of Its Financial Health? - simplywall.st""]",Other,"AMBER, amber, AMBER"
PERSISTENT.NSE,-0.2612,negative,0.9,24,comprehensive_analysis,"['Persistent Systems Q4: Shares rise over 3.5% as PAT grows 6.1% QoQ, board recommends final dividend of ₹15/share - Upstox', 'Persistent Systems shares under pressure, slip 7% ahead of Q3 results - Business Standard', 'Persistent Systems Q3 results: Net profit grows 30% YoY to Rs 373 crore, revenue up 23% - Moneycontrol']",Technology,"PERSISTENT, persistent, PERSISTENT"
MAXHEALTH.NSE,-0.2698,negative,0.9,20,comprehensive_analysis,"['Stocks to buy or sell: Sagar Doshi of Nuvama suggests ONGC, Oberoi Realty, Max Health today - 8 January - Mint', 'Max Healthcare Reports Record Sales Amid Rising Interest Expenses and Profitability Challenges - MarketsMojo', 'Max Health Q4 Results: Profit, Revenue Surges But Margin Flat - NDTV Profit']",Healthcare,"MAXHEALTH, maxhealth, MAXHEALTH"
WHIRLPOOL.NSE,-0.2888,negative,0.9,22,comprehensive_analysis,"['Whirlpool of India share price declines 3% after THIS update related to parent company - Upstox', ""Whirlpool of India stock hits 8-year low, tanks 31% in 2 days; here's why - Business Standard"", 'Whirlpool India shares hit 20% lower circuit as parent intends to trim stake in firm to 20% from 51%; check details - Upstox']",Other,"WHIRLPOOL, whirlpool, WHIRLPOOL"
TRENT.NSE,-0.2895,negative,0.9,25,comprehensive_analysis,"['Trent Q4 Results: Standalone Profit Beats Street, Consolidated PAT Sees 55% YoY Decline - Groww', 'Trent Q4 Results: Tata group company posts 46% YoY fall in PAT to ₹350 crore; ₹5 dividend declared - Mint', 'Trent Q4 Results: Tata Group enterprise ends 5.5% higher after strong EBITDA, margin beat - CNBC TV18']",Retail,"TRENT, trent, TRENT"
TATASTEEL.NSE,-0.2964,negative,0.9,24,comprehensive_analysis,"[""Tata Steel share price: Tata stock rises for 4th consecutive day; up 15% YTD - Gaurang Shah's strategy - ET Now"", 'Why Tata Steel Share Price is Rising? - Equitymaster', 'Tata Steel shares surge over 3% as global steel futures rally on China demand rebound - The Economic Times']",Metals,"Tata Steel, Tata Iron Steel"
DLF.NSE,-0.3219,negative,0.9,22,comprehensive_analysis,"['DLF share price rises 1% as markets stabilise today - Value Research', 'Should you buy DLF shares for long term now? Fundamental stock picks and more - Zee Business', 'DLF stock rises 3%, rallies for second consecutive day after posting strong Q3 earnings; Buy or sell? - Mint']",Real Estate,"DLF, dlf, DLF"
MARICO.NSE,-0.3399,negative,0.9,24,comprehensive_analysis,"['Marico Share Price Today Highlights, 30 Oct, 2024: Marico closes 3.4% higher - financialexpress.com', 'With EPS Growth And More, Marico (NSE:MARICO) Makes An Interesting Case - simplywall.st', ""HUDCO, Marico & Poonawalla Fincorp: Axis Securities shares 3 weekly 'Buy' calls - Business Today""]",FMCG,"MARICO, marico, MARICO"
EXIDEIND.NSE,-0.3531,negative,0.9,18,comprehensive_analysis,"['Exide Industries Q4 profit rises 1% to ₹187 crore, dividend announced; check record date - Upstox', 'Exide Ind gains 4% on investing over Rs 99 crore in Exide Energy Solutions - Business Standard', 'Exide Industries (NSE:EXIDEIND) Has Affirmed Its Dividend Of ₹2.00 - simplywall.st']",Automotive,"EXIDEIND, exideind, EXIDEIND"
RELIANCE.NSE,-0.3822,negative,0.9,26,comprehensive_analysis,"['Reliance Industries shares up 25% in 2025; 4 reasons stock could gain another 18% - The Economic Times', 'Street view: Why are analysts bullish on Reliance Industries stock? - Business Standard', 'LIC’s stake in NSE emerges as fifth most valuable holding for insurance behemoth - TradingView']",Energy,"Reliance Industries, RIL, Reliance"
HEROMOTOCO.NSE,-0.4368,negative,0.9,22,comprehensive_analysis,"[""Hero MotoCorp share price falls after temporary halt at 4 plants; here's when the production will resume - Upstox"", 'Stock Picks: Sagar Doshi suggests Tata Motors, Mphasis, Hero MotoCorp shares to buy today - 11 June - Mint', 'Hero MotoCorp Q3 Results 2025 date, time: Dividend announcement in quarterly earnings report – Check preview, expectations - ET Now']",Automotive,"Hero MotoCorp, Hero Honda"
TATACONSUM.NSE,-0.4686,negative,0.9,24,comprehensive_analysis,"['Tata Consumer Products Dividend: Last Day To Buy Shares To Qualify — Details Here - NDTV Profit', ""TATA Consumer Products shares decline slightly in today's session - Moneycontrol"", 'Tata Consumer Products Q4 results: Net profit up 59.2% to ₹345 crore - Business Standard']",FMCG,"Tata Consumer Products, Tata Tea"
IRCTC.NSE,-0.496,negative,0.9,22,comprehensive_analysis,"['IRCTC Q4 Results: Net profit rises 26% to ₹358 crore, revenue up 10% YoY; Dividend declared - Mint', 'IRCTC Q4 results: Net profit jumps to ₹358 crore, revenue rises to ₹1,269 crore - CNBC TV18', 'IRCTC Q4 Results: Cons PAT jumps 26% YoY to Rs 358 crore, revenue up 10% - The Economic Times']",Other,"IRCTC, irctc, IRCTC"
CIPLA.NSE,-0.5165,negative,0.9,23,comprehensive_analysis,"['Cipla share price falls the most among Nifty companies - Hindustan Times', 'Cipla Share Price Target 2025: Brokerages mixed after Q4 results, dividend announcement - ET Now', 'Q3 Results Highlights 28th January: TVS Motor, Cipla shares surge, Apar Industries crash 20%, Suzlon Energy ends flat - BusinessLine']",Pharmaceuticals,"Cipla Limited, Cipla"
POLYCAB.NSE,-0.5407,negative,0.9,22,comprehensive_analysis,"['Polycab India Q3 results: PAT rises 11% YoY to Rs 464 cr; stock down over 6% - The Economic Times', 'Polycab India Q3 results: Net profit rises 11% to Rs 458 crore, revenue jumps to Rs 5,226 crore - Moneycontrol', 'Opening Bell: Gap-down opening seen for Sensex, Nifty; Polycab, Hindustan Zinc, Urgo Capital, Delhivery, M&M shares in focus - Fortune India']",Other,"POLYCAB, polycab, POLYCAB"
COFORGE.NSE,-0.5773,negative,0.8503,21,comprehensive_analysis,"[""Coforge Limited's (NSE:COFORGE) Stock Is Rallying But Financials Look Ambiguous: Will The Momentum Continue? - simplywall.st"", 'Bullish breakout: Wipro, Coforge among 7 IT stocks set for up to 12% gains - The Economic Times', 'Coforge Shares Surge 10% After Stock Split, $1.6 Billion Deal, Two Key Acquisitions - outlookbusiness.com']",Technology,"COFORGE, coforge, COFORGE"
DIVISLAB.NSE,-0.6008,negative,0.9,24,comprehensive_analysis,"['Divis Laboratories Ltd up for third consecutive session - Business Standard', ""Divi's Labs: Strong Q3, growth outlook positive, valuation debate continues - Business Standard"", ""Divi's Laboratories (NSE:DIVISLAB) jumps 5.4% this week, though earnings growth is still tracking behind five-year shareholder returns - simplywall.st""]",Pharmaceuticals,"Divi's Laboratories, Divis Lab"
